,total_return,sharpe_ratio,max_drawdown,winrate,expectancy,exposure_time
0,86006.5108020623,0.0005188511345170185,-0.9999998803589233,0.12757054041128646,0.0012288983062867134,0.0010663940546526954
